INSERT INTO oe.categories VALUES (1, 'Beverages', 'Soft drinks, coffees, teas, beers, and ales', '\x');
INSERT INTO oe.categories VALUES (2, 'Condiments', 'Sweet and savory sauces, relishes, spreads, and seasonings', '\x');
INSERT INTO oe.categories VALUES (3, 'Confections', 'Desserts, candies, and sweet breads', '\x');
INSERT INTO oe.categories VALUES (4, 'Dairy Products', 'Cheeses', '\x');
INSERT INTO oe.categories VALUES (5, 'Grains/Cereals', 'Breads, crackers, pasta, and cereal', '\x');
INSERT INTO oe.categories VALUES (6, 'Meat/Poultry', 'Prepared meats', '\x');
INSERT INTO oe.categories VALUES (7, 'Produce', 'Dried fruit and bean curd', '\x');
INSERT INTO oe.categories VALUES (8, 'Seafood', 'Seaweed and fish', '\x');

INSERT INTO oe.suppliers (supplier_id, company_name, created_date, modified_date) VALUES (1, 'Exotic Liquids', '2025-05-07 01:33:21.034363', NULL);
INSERT INTO oe.suppliers (supplier_id, company_name, created_date, modified_date) VALUES (2, 'New Orleans Cajun Delights', '2025-05-07 01:33:21.034363', NULL);
INSERT INTO oe.suppliers (supplier_id, company_name, created_date, modified_date) VALUES (3, 'Grandma Kelly''s Homestead', '2025-05-07 01:33:21.034363', NULL);
INSERT INTO oe.suppliers (supplier_id, company_name, created_date, modified_date) VALUES (4, 'Tokyo Traders', '2025-05-07 01:33:21.034363', NULL);
INSERT INTO oe.suppliers (supplier_id, company_name, created_date, modified_date) VALUES (5, 'Cooperativa de Quesos ''Las Cabras''', '2025-05-07 01:33:21.034363', NULL);
INSERT INTO oe.suppliers (supplier_id, company_name, created_date, modified_date) VALUES (6, 'Mayumi''s', '2025-05-07 01:33:21.034363', NULL);
INSERT INTO oe.suppliers (supplier_id, company_name, created_date, modified_date) VALUES (7, 'Pavlova, Ltd.', '2025-05-07 01:33:21.034363', NULL);
INSERT INTO oe.suppliers (supplier_id, company_name, created_date, modified_date) VALUES (8, 'Specialty Biscuits, Ltd.', '2025-05-07 01:33:21.034363', NULL);
INSERT INTO oe.suppliers (supplier_id, company_name, created_date, modified_date) VALUES (9, 'PB Knäckebröd AB', '2025-05-07 01:33:21.034363', NULL);
INSERT INTO oe.suppliers (supplier_id, company_name, created_date, modified_date) VALUES (10, 'Refrescos Americanas LTDA', '2025-05-07 01:33:21.034363', NULL);
INSERT INTO oe.suppliers (supplier_id, company_name, created_date, modified_date) VALUES (11, 'Heli Süßwaren GmbH & Co. KG', '2025-05-07 01:33:21.034363', NULL);
INSERT INTO oe.suppliers (supplier_id, company_name, created_date, modified_date) VALUES (12, 'Plutzer Lebensmittelgroßmärkte AG', '2025-05-07 01:33:21.034363', NULL);
INSERT INTO oe.suppliers (supplier_id, company_name, created_date, modified_date) VALUES (13, 'Nord-Ost-Fisch Handelsgesellschaft mbH', '2025-05-07 01:33:21.034363', NULL);
INSERT INTO oe.suppliers (supplier_id, company_name, created_date, modified_date) VALUES (14, 'Formaggi Fortini s.r.l.', '2025-05-07 01:33:21.034363', NULL);
INSERT INTO oe.suppliers (supplier_id, company_name, created_date, modified_date) VALUES (15, 'Norske Meierier', '2025-05-07 01:33:21.034363', NULL);
INSERT INTO oe.suppliers (supplier_id, company_name, created_date, modified_date) VALUES (16, 'Bigfoot Breweries', '2025-05-07 01:33:21.034363', NULL);
INSERT INTO oe.suppliers (supplier_id, company_name, created_date, modified_date) VALUES (17, 'Svensk Sjöföda AB', '2025-05-07 01:33:21.034363', NULL);
INSERT INTO oe.suppliers (supplier_id, company_name, created_date, modified_date) VALUES (18, 'Aux joyeux ecclésiastiques', '2025-05-07 01:33:21.034363', NULL);
INSERT INTO oe.suppliers (supplier_id, company_name, created_date, modified_date) VALUES (19, 'New England Seafood Cannery', '2025-05-07 01:33:21.034363', NULL);
INSERT INTO oe.suppliers (supplier_id, company_name, created_date, modified_date) VALUES (20, 'Leka Trading', '2025-05-07 01:33:21.034363', NULL);
INSERT INTO oe.suppliers (supplier_id, company_name, created_date, modified_date) VALUES (21, 'Lyngbysild', '2025-05-07 01:33:21.034363', NULL);
INSERT INTO oe.suppliers (supplier_id, company_name, created_date, modified_date) VALUES (22, 'Zaanse Snoepfabriek', '2025-05-07 01:33:21.034363', NULL);
INSERT INTO oe.suppliers (supplier_id, company_name, created_date, modified_date) VALUES (23, 'Karkki Oy', '2025-05-07 01:33:21.034363', NULL);
INSERT INTO oe.suppliers (supplier_id, company_name, created_date, modified_date) VALUES (24, 'G''day, Mate', '2025-05-07 01:33:21.034363', NULL);
INSERT INTO oe.suppliers (supplier_id, company_name, created_date, modified_date) VALUES (25, 'Ma Maison', '2025-05-07 01:33:21.034363', NULL);
INSERT INTO oe.suppliers (supplier_id, company_name, created_date, modified_date) VALUES (26, 'Pasta Buttini s.r.l.', '2025-05-07 01:33:21.034363', NULL);
INSERT INTO oe.suppliers (supplier_id, company_name, created_date, modified_date) VALUES (27, 'Escargots Nouveaux', '2025-05-07 01:33:21.034363', NULL);
INSERT INTO oe.suppliers (supplier_id, company_name, created_date, modified_date) VALUES (28, 'Gai pâturage', '2025-05-07 01:33:21.034363', NULL);
INSERT INTO oe.suppliers (supplier_id, company_name, created_date, modified_date) VALUES (29, 'Forêts d''érables', '2025-05-07 01:33:21.034363', NULL);

INSERT INTO oe.shippers (shipper_id, company_name, phone, created_date, modified_date) VALUES (1, 'Speedy Express', '(503) 555-9831', '2025-05-07 01:33:36.022865', NULL);
INSERT INTO oe.shippers (shipper_id, company_name, phone, created_date, modified_date) VALUES (2, 'United Package', '(503) 555-3199', '2025-05-07 01:33:36.022865', NULL);
INSERT INTO oe.shippers (shipper_id, company_name, phone, created_date, modified_date) VALUES (3, 'Federal Shipping', '(503) 555-9931', '2025-05-07 01:33:36.022865', NULL);
INSERT INTO oe.shippers (shipper_id, company_name, phone, created_date, modified_date) VALUES (4, 'Alliance Shippers', '1-800-222-0451', '2025-05-07 01:33:36.022865', NULL);
INSERT INTO oe.shippers (shipper_id, company_name, phone, created_date, modified_date) VALUES (5, 'UPS', '1-800-782-7892', '2025-05-07 01:33:36.022865', NULL);
INSERT INTO oe.shippers (shipper_id, company_name, phone, created_date, modified_date) VALUES (6, 'DHL', '1-800-225-5345', '2025-05-07 01:33:36.022865', NULL);

-- INSERT INTO fintech.transactions (trac_id, trac_no, from_account, to_account, trac_noref, debet, credit, trac_type, description, created_date, status) VALUES (9, 'TR2005-01', 'KANG-BCA', 'WIDI-BCA', NULL, 0.00, 1000000.00, 'TRANSFER', 'Transfer To Widi', '2025-04-21 09:53:37.346212', 'SUCCESS');
-- INSERT INTO fintech.transactions (trac_id, trac_no, from_account, to_account, trac_noref, debet, credit, trac_type, description, created_date, status) VALUES (10, 'TR2005-02', 'KANG-BCA', 'WIDI-BCA', 'TR2005-01', 1000000.00, 0.00, 'TRANSFER', 'Transfer From Kang', '2025-04-21 09:53:37.346212', 'SUCCESS');
-- INSERT INTO fintech.transactions (trac_id, trac_no, from_account, to_account, trac_noref, debet, credit, trac_type, description, created_date, status) VALUES (13, '2025042100014', 'KANG-BCA', 'WIDI-BCA', NULL, 0.00, 250000.00, 'TRANSFER', 'transfer uang ke widi', '2025-04-21 10:06:33.714627', 'SUCCESS');
-- INSERT INTO fintech.transactions (trac_id, trac_no, from_account, to_account, trac_noref, debet, credit, trac_type, description, created_date, status) VALUES (15, '2025042100016', 'KANG-BCA', 'WIDI-BCA', '2025042100014', 250000.00, 0.00, 'TRANSFER', 'transfer uang ke widi', '2025-04-21 10:06:33.714627', 'SUCCESS');
-- INSERT INTO fintech.transactions (trac_id, trac_no, from_account, to_account, trac_noref, debet, credit, trac_type, description, created_date, status) VALUES (17, '2025042100018', 'WIDI-BCA', 'KANG-BCA', NULL, 0.00, 250000.00, 'TRANSFER', 'transfer uang ke widi', '2025-04-21 10:07:06.9775', 'SUCCESS');
-- INSERT INTO fintech.transactions (trac_id, trac_no, from_account, to_account, trac_noref, debet, credit, trac_type, description, created_date, status) VALUES (19, '2025042100020', 'WIDI-BCA', 'KANG-BCA', '2025042100018', 250000.00, 0.00, 'TRANSFER', 'transfer uang ke widi', '2025-04-21 10:07:06.9775', 'SUCCESS');
-- INSERT INTO fintech.transactions (trac_id, trac_no, from_account, to_account, trac_noref, debet, credit, trac_type, description, created_date, status) VALUES (21, '2025042100022', 'WIDI-BCA', 'KANG-BCA', NULL, 0.00, 350000.00, 'TRANSFER', 'transfer uang ke widi', '2025-04-21 10:07:29.576282', 'SUCCESS');
-- INSERT INTO fintech.transactions (trac_id, trac_no, from_account, to_account, trac_noref, debet, credit, trac_type, description, created_date, status) VALUES (23, '2025042100024', 'WIDI-BCA', 'KANG-BCA', '2025042100022', 350000.00, 0.00, 'TRANSFER', 'transfer uang ke widi', '2025-04-21 10:07:29.576282', 'SUCCESS');

INSERT INTO person.users (user_id, user_name, user_email, user_password, user_handphone, created_on, location_id) VALUES (100, 'frans', 'accorti@gmail.com', NULL, '011-4988260', '2025-05-06 23:01:17.889401', 1400);
INSERT INTO person.users (user_id, user_name, user_email, user_password, user_handphone, created_on, location_id) VALUES (101, 'commi', 'afonso@gmail.com', NULL, '(11) 555-7647', '2025-05-06 23:01:17.889401', 1400);
INSERT INTO person.users (user_id, user_name, user_email, user_password, user_handphone, created_on, location_id) VALUES (102, 'alfki', 'anders@gmail.com', NULL, '030-0074321', '2025-05-06 23:01:17.889401', 1400);
INSERT INTO person.users (user_id, user_name, user_email, user_password, user_handphone, created_on, location_id) VALUES (103, 'tortu', 'angelpaolino@gmail.com', NULL, '(5) 555-2933', '2025-05-06 23:01:17.889401', 1400);
INSERT INTO person.users (user_id, user_name, user_email, user_password, user_handphone, created_on, location_id) VALUES (104, 'bsbev', 'ashworth@gmail.com', NULL, '(171) 555-1212', '2025-05-06 23:01:17.889401', 1400);
INSERT INTO person.users (user_id, user_name, user_email, user_password, user_handphone, created_on, location_id) VALUES (105, 'quede', 'batista@gmail.com', NULL, '(21) 555-4252', '2025-05-06 23:01:17.889401', 1400);
INSERT INTO person.users (user_id, user_name, user_email, user_password, user_handphone, created_on, location_id) VALUES (106, 'islat', 'bennett@gmail.com', NULL, '(198) 555-8888', '2025-05-06 23:01:17.889401', 1400);
INSERT INTO person.users (user_id, user_name, user_email, user_password, user_handphone, created_on, location_id) VALUES (107, 'bergs', 'berglund@gmail.com', NULL, '0921-12 34 65', '2025-05-06 23:01:17.889401', 1400);
INSERT INTO person.users (user_id, user_name, user_email, user_password, user_handphone, created_on, location_id) VALUES (108, 'santg', 'bergulfsen@gmail.com', NULL, '07-98 92 35', '2025-05-06 23:01:17.889401', 1400);
INSERT INTO person.users (user_id, user_name, user_email, user_password, user_handphone, created_on, location_id) VALUES (109, 'paris', 'bertrand@gmail.com', NULL, '(1) 42.34.22.66', '2025-05-06 23:01:17.889401', 1500);
INSERT INTO person.users (user_id, user_name, user_email, user_password, user_handphone, created_on, location_id) VALUES (110, 'splir', 'braunschweiger@gmail.com', NULL, '(307) 555-4680', '2025-05-06 23:01:17.889401', 1500);
INSERT INTO person.users (user_id, user_name, user_email, user_password, user_handphone, created_on, location_id) VALUES (111, 'consh', 'brown@gmail.com', NULL, '(171) 555-2282', '2025-05-06 23:01:17.889401', 1500);
INSERT INTO person.users (user_id, user_name, user_email, user_password, user_handphone, created_on, location_id) VALUES (112, 'romey', 'camino@gmail.com', NULL, '(91) 745 6200', '2025-05-06 23:01:17.889401', 1500);
INSERT INTO person.users (user_id, user_name, user_email, user_password, user_handphone, created_on, location_id) VALUES (113, 'suprd', 'cartrain@gmail.com', NULL, '(071) 23 67 22 20', '2025-05-06 23:01:17.889401', 1500);
INSERT INTO person.users (user_id, user_name, user_email, user_password, user_handphone, created_on, location_id) VALUES (114, 'queen', 'carvalho@gmail.com', NULL, '(11) 555-1189', '2025-05-06 23:01:17.889401', 1500);
INSERT INTO person.users (user_id, user_name, user_email, user_password, user_handphone, created_on, location_id) VALUES (115, 'centc', 'chang@gmail.com', NULL, '(5) 555-3392', '2025-05-06 23:01:17.889401', 1500);
INSERT INTO person.users (user_id, user_name, user_email, user_password, user_handphone, created_on, location_id) VALUES (116, 'blonp', 'citeaux@gmail.com', NULL, '88.60.15.31', '2025-05-06 23:01:17.889401', 1500);
INSERT INTO person.users (user_id, user_name, user_email, user_password, user_handphone, created_on, location_id) VALUES (117, 'koene', 'cramer@gmail.com', NULL, '0555-09876', '2025-05-06 23:01:17.889401', 1500);
INSERT INTO person.users (user_id, user_name, user_email, user_password, user_handphone, created_on, location_id) VALUES (118, 'norts', 'crowther@gmail.com', NULL, '(171) 555-7733', '2025-05-06 23:01:17.889401', 1500);
INSERT INTO person.users (user_id, user_name, user_email, user_password, user_handphone, created_on, location_id) VALUES (119, 'famia', 'cruz@gmail.com', NULL, '(11) 555-9857', '2025-05-06 23:01:17.889401', 1700);
INSERT INTO person.users (user_id, user_name, user_email, user_password, user_handphone, created_on, location_id) VALUES (120, 'prini', 'decastro@gmail.com', NULL, '(1) 356-5634', '2025-05-06 23:01:17.889401', 1700);
INSERT INTO person.users (user_id, user_name, user_email, user_password, user_handphone, created_on, location_id) VALUES (121, 'eastc', 'devon@gmail.com', NULL, '(171) 555-0297', '2025-05-06 23:01:17.889401', 1700);
INSERT INTO person.users (user_id, user_name, user_email, user_password, user_handphone, created_on, location_id) VALUES (122, 'maisd', 'dewey@gmail.com', NULL, '(02) 201 24 67', '2025-05-06 23:01:17.889401', 1700);
INSERT INTO person.users (user_id, user_name, user_email, user_password, user_handphone, created_on, location_id) VALUES (123, 'tradh', 'domingues@gmail.com', NULL, '(11) 555-2167', '2025-05-06 23:01:17.889401', 1700);
INSERT INTO person.users (user_id, user_name, user_email, user_password, user_handphone, created_on, location_id) VALUES (124, 'peric', 'fernández@gmail.com', NULL, '(5) 552-3745', '2025-05-06 23:01:17.889401', 1700);
INSERT INTO person.users (user_id, user_name, user_email, user_password, user_handphone, created_on, location_id) VALUES (125, 'morgk', 'feuer@gmail.com', NULL, '0342-023176', '2025-05-06 23:01:17.889401', 1700);
INSERT INTO person.users (user_id, user_name, user_email, user_password, user_handphone, created_on, location_id) VALUES (126, 'gourl', 'fonseca@gmail.com', NULL, '(11) 555-9482', '2025-05-06 23:01:17.889401', 1700);
INSERT INTO person.users (user_id, user_name, user_email, user_password, user_handphone, created_on, location_id) VALUES (127, 'frank', 'franken@gmail.com', NULL, '089-0877310', '2025-05-06 23:01:17.889401', 1700);
INSERT INTO person.users (user_id, user_name, user_email, user_password, user_handphone, created_on, location_id) VALUES (128, 'merep', 'fresnière@gmail.com', NULL, '(514) 555-8054', '2025-05-06 23:01:17.889401', 1700);
INSERT INTO person.users (user_id, user_name, user_email, user_password, user_handphone, created_on, location_id) VALUES (129, 'lilas', 'gonzález@gmail.com', NULL, '(9) 331-6954', '2025-05-06 23:01:17.889401', 1700);
INSERT INTO person.users (user_id, user_name, user_email, user_password, user_handphone, created_on, location_id) VALUES (130, 'ranch', 'gutiérrez@gmail.com', NULL, '(1) 123-5555', '2025-05-06 23:01:17.889401', 1700);
INSERT INTO person.users (user_id, user_name, user_email, user_password, user_handphone, created_on, location_id) VALUES (131, 'arout', 'hardy@gmail.com', NULL, '(171) 555-7788', '2025-05-06 23:01:17.889401', 1700);
INSERT INTO person.users (user_id, user_name, user_email, user_password, user_handphone, created_on, location_id) VALUES (132, 'vinet', 'henriot@gmail.com', NULL, '26.47.15.10', '2025-05-06 23:01:17.889401', 1800);
INSERT INTO person.users (user_id, user_name, user_email, user_password, user_handphone, created_on, location_id) VALUES (133, 'hilaa', 'hernández@gmail.com', NULL, '(5) 555-1340', '2025-05-06 23:01:17.889401', 1800);
INSERT INTO person.users (user_id, user_name, user_email, user_password, user_handphone, created_on, location_id) VALUES (134, 'ricsu', 'holz@gmail.com', NULL, '0897-034214', '2025-05-06 23:01:17.889401', 1800);
INSERT INTO person.users (user_id, user_name, user_email, user_password, user_handphone, created_on, location_id) VALUES (135, 'vaffe', 'ibsen@gmail.com', NULL, '86 21 32 43', '2025-05-06 23:01:17.889401', 1800);
INSERT INTO person.users (user_id, user_name, user_email, user_password, user_handphone, created_on, location_id) VALUES (136, 'linod', 'izquierdo@gmail.com', NULL, '(8) 34-56-12', '2025-05-06 23:01:17.889401', 1800);
INSERT INTO person.users (user_id, user_name, user_email, user_password, user_handphone, created_on, location_id) VALUES (137, 'whitc', 'jablonski@gmail.com', NULL, '(206) 555-4112', '2025-05-06 23:01:17.889401', 1800);
INSERT INTO person.users (user_id, user_name, user_email, user_password, user_handphone, created_on, location_id) VALUES (138, 'tomsp', 'josephs@gmail.com', NULL, '0251-031259', '2025-05-06 23:01:17.889401', 1800);
INSERT INTO person.users (user_id, user_name, user_email, user_password, user_handphone, created_on, location_id) VALUES (139, 'wilmk', 'karttunen@gmail.com', NULL, '90-224 8858', '2025-05-06 23:01:17.889401', 1800);
INSERT INTO person.users (user_id, user_name, user_email, user_password, user_handphone, created_on, location_id) VALUES (140, 'quick', 'kloss@gmail.com', NULL, '0372-035188', '2025-05-06 23:01:17.889401', 1800);
INSERT INTO person.users (user_id, user_name, user_email, user_password, user_handphone, created_on, location_id) VALUES (141, 'warth', 'koskitalo@gmail.com', NULL, '981-443655', '2025-05-06 23:01:17.889401', 1800);
INSERT INTO person.users (user_id, user_name, user_email, user_password, user_handphone, created_on, location_id) VALUES (142, 'seves', 'kumar@gmail.com', NULL, '(171) 555-1717', '2025-05-06 23:01:17.889401', 1800);
INSERT INTO person.users (user_id, user_name, user_email, user_password, user_handphone, created_on, location_id) VALUES (143, 'dumon', 'labrune@gmail.com', NULL, '40.67.88.88', '2025-05-06 23:01:17.889401', 1800);
INSERT INTO person.users (user_id, user_name, user_email, user_password, user_handphone, created_on, location_id) VALUES (144, 'folko', 'larsson@gmail.com', NULL, '0695-34 67 21', '2025-05-06 23:01:17.889401', 1800);
INSERT INTO person.users (user_id, user_name, user_email, user_password, user_handphone, created_on, location_id) VALUES (145, 'hungc', 'latimer@gmail.com', NULL, '(503) 555-6874', '2025-05-06 23:01:17.889401', 1800);
INSERT INTO person.users (user_id, user_name, user_email, user_password, user_handphone, created_on, location_id) VALUES (146, 'bonap', 'lebihan@gmail.com', NULL, '91.24.45.40', '2025-05-06 23:01:17.889401', 1800);
INSERT INTO person.users (user_id, user_name, user_email, user_password, user_handphone, created_on, location_id) VALUES (147, 'ricar', 'limeira@gmail.com', NULL, '(21) 555-3412', '2025-05-06 23:01:17.889401', 1800);
INSERT INTO person.users (user_id, user_name, user_email, user_password, user_handphone, created_on, location_id) VALUES (148, 'bottm', 'lincoln@gmail.com', NULL, '(604) 555-4729', '2025-05-06 23:01:17.889401', 1800);
INSERT INTO person.users (user_id, user_name, user_email, user_password, user_handphone, created_on, location_id) VALUES (149, 'hungo', 'mckenna@gmail.com', NULL, '2967 542', '2025-05-06 23:01:17.889401', 1800);
INSERT INTO person.users (user_id, user_name, user_email, user_password, user_handphone, created_on, location_id) VALUES (150, 'ernsh', 'mendel@gmail.com', NULL, '7675-3425', '2025-05-06 23:01:17.889401', 1800);
INSERT INTO person.users (user_id, user_name, user_email, user_password, user_handphone, created_on, location_id) VALUES (151, 'lehms', 'messner@gmail.com', NULL, '069-0245984', '2025-05-06 23:01:17.889401', 1800);
INSERT INTO person.users (user_id, user_name, user_email, user_password, user_handphone, created_on, location_id) VALUES (152, 'ocean', 'moncada@gmail.com', NULL, '(1) 135-5333', '2025-05-06 23:01:17.889401', 1800);
INSERT INTO person.users (user_id, user_name, user_email, user_password, user_handphone, created_on, location_id) VALUES (153, 'blaus', 'moos@gmail.com', NULL, '0621-08460', '2025-05-06 23:01:17.889401', 1800);
INSERT INTO person.users (user_id, user_name, user_email, user_password, user_handphone, created_on, location_id) VALUES (154, 'anton', 'moreno@gmail.com', NULL, '(5) 555-3932', '2025-05-06 23:01:17.889401', 1800);
INSERT INTO person.users (user_id, user_name, user_email, user_password, user_handphone, created_on, location_id) VALUES (155, 'reggc', 'moroni@gmail.com', NULL, '0522-556721', '2025-05-06 23:01:17.889401', 2400);
INSERT INTO person.users (user_id, user_name, user_email, user_password, user_handphone, created_on, location_id) VALUES (156, 'wandk', 'müller@gmail.com', NULL, '0711-020361', '2025-05-06 23:01:17.889401', 2400);
INSERT INTO person.users (user_id, user_name, user_email, user_password, user_handphone, created_on, location_id) VALUES (157, 'traih', 'nagy@gmail.com', NULL, '(206) 555-8257', '2025-05-06 23:01:17.889401', 2400);
INSERT INTO person.users (user_id, user_name, user_email, user_password, user_handphone, created_on, location_id) VALUES (158, 'thebi', 'nixon@gmail.com', NULL, '(503) 555-3612', '2025-05-06 23:01:17.889401', 2400);
INSERT INTO person.users (user_id, user_name, user_email, user_password, user_handphone, created_on, location_id) VALUES (159, 'dracd', 'ottlieb@gmail.com', NULL, '0241-039123', '2025-05-06 23:01:17.889401', 2400);
INSERT INTO person.users (user_id, user_name, user_email, user_password, user_handphone, created_on, location_id) VALUES (160, 'welli', 'parente@gmail.com', NULL, '(14) 555-8122', '2025-05-06 23:01:17.889401', 2400);
INSERT INTO person.users (user_id, user_name, user_email, user_password, user_handphone, created_on, location_id) VALUES (161, 'savea', 'pavarotti@gmail.com', NULL, '(208) 555-8097', '2025-05-06 23:01:17.889401', 2400);
INSERT INTO person.users (user_id, user_name, user_email, user_password, user_handphone, created_on, location_id) VALUES (162, 'godos', 'pedrofreyre@gmail.com', NULL, '(95) 555 82 82', '2025-05-06 23:01:17.889401', 2400);
INSERT INTO person.users (user_id, user_name, user_email, user_password, user_handphone, created_on, location_id) VALUES (163, 'grosr', 'pereira@gmail.com', NULL, '(2) 283-2951', '2025-05-06 23:01:17.889401', 2400);
INSERT INTO person.users (user_id, user_name, user_email, user_password, user_handphone, created_on, location_id) VALUES (164, 'specd', 'perrier@gmail.com', NULL, '(1) 47.55.60.10', '2025-05-06 23:01:17.889401', 2400);
INSERT INTO person.users (user_id, user_name, user_email, user_password, user_handphone, created_on, location_id) VALUES (165, 'simob', 'petersen@gmail.com', NULL, '31 12 34 56', '2025-05-06 23:01:17.889401', 2400);
INSERT INTO person.users (user_id, user_name, user_email, user_password, user_handphone, created_on, location_id) VALUES (166, 'ottik', 'pfalzheim@gmail.com', NULL, '0221-0644327', '2025-05-06 23:01:17.889401', 2400);
INSERT INTO person.users (user_id, user_name, user_email, user_password, user_handphone, created_on, location_id) VALUES (167, 'oldwo', 'phillips@gmail.com', NULL, '(907) 555-7584', '2025-05-06 23:01:17.889401', 2400);
INSERT INTO person.users (user_id, user_name, user_email, user_password, user_handphone, created_on, location_id) VALUES (168, 'wolza', 'piestrzeniewicz@gmail.com', NULL, '(26) 642-7012', '2025-05-06 23:01:17.889401', 2400);
INSERT INTO person.users (user_id, user_name, user_email, user_password, user_handphone, created_on, location_id) VALUES (169, 'picco', 'pipps@gmail.com', NULL, '6562-9722', '2025-05-06 23:01:17.889401', 2400);
INSERT INTO person.users (user_id, user_name, user_email, user_password, user_handphone, created_on, location_id) VALUES (170, 'hanar', 'pontes@gmail.com', NULL, '(21) 555-0091', '2025-05-06 23:01:17.889401', 2400);
INSERT INTO person.users (user_id, user_name, user_email, user_password, user_handphone, created_on, location_id) VALUES (171, 'folig', 'rancé@gmail.com', NULL, '20.16.10.16', '2025-05-06 23:01:17.889401', 2400);
INSERT INTO person.users (user_id, user_name, user_email, user_password, user_handphone, created_on, location_id) VALUES (172, 'furib', 'rodriguez@gmail.com', NULL, '(1) 354-2534', '2025-05-06 23:01:17.889401', 2400);
INSERT INTO person.users (user_id, user_name, user_email, user_password, user_handphone, created_on, location_id) VALUES (173, 'fissa', 'roel@gmail.com', NULL, '(91) 555 94 44', '2025-05-06 23:01:17.889401', 2400);
INSERT INTO person.users (user_id, user_name, user_email, user_password, user_handphone, created_on, location_id) VALUES (174, 'lamai', 'roulet@gmail.com', NULL, '61.77.61.10', '2025-05-06 23:01:17.889401', 2500);
INSERT INTO person.users (user_id, user_name, user_email, user_password, user_handphone, created_on, location_id) VALUES (175, 'magaa', 'rovelli@gmail.com', NULL, '035-640230', '2025-05-06 23:01:17.889401', 2500);
INSERT INTO person.users (user_id, user_name, user_email, user_password, user_handphone, created_on, location_id) VALUES (176, 'galed', 'saavedra@gmail.com', NULL, '(93) 203 4560', '2025-05-06 23:01:17.889401', 2500);
INSERT INTO person.users (user_id, user_name, user_email, user_password, user_handphone, created_on, location_id) VALUES (177, 'victe', 'saveley@gmail.com', NULL, '78.32.54.86', '2025-05-06 23:01:17.889401', 2500);
INSERT INTO person.users (user_id, user_name, user_email, user_password, user_handphone, created_on, location_id) VALUES (178, 'franr', 'schmitt@gmail.com', NULL, '40.32.21.21', '2025-05-06 23:01:17.889401', 2500);
INSERT INTO person.users (user_id, user_name, user_email, user_password, user_handphone, created_on, location_id) VALUES (179, 'cactu', 'simpson@gmail.com', NULL, '(1) 135-5555', '2025-05-06 23:01:17.889401', 2500);
INSERT INTO person.users (user_id, user_name, user_email, user_password, user_handphone, created_on, location_id) VALUES (180, 'greal', 'snyder@gmail.com', NULL, '(503) 555-7555', '2025-05-06 23:01:17.889401', 2500);
INSERT INTO person.users (user_id, user_name, user_email, user_password, user_handphone, created_on, location_id) VALUES (181, 'bolid', 'sommer@gmail.com', NULL, '(91) 555 22 82', '2025-05-06 23:01:17.889401', 2500);
INSERT INTO person.users (user_id, user_name, user_email, user_password, user_handphone, created_on, location_id) VALUES (182, 'lazyk', 'steel@gmail.com', NULL, '(509) 555-7969', '2025-05-06 23:01:17.889401', 2700);
INSERT INTO person.users (user_id, user_name, user_email, user_password, user_handphone, created_on, location_id) VALUES (183, 'laugb', 'tannamuri@gmail.com', NULL, '(604) 555-3392', '2025-05-06 23:01:17.889401', 2700);
INSERT INTO person.users (user_id, user_name, user_email, user_password, user_handphone, created_on, location_id) VALUES (184, 'lacor', 'tonini@gmail.com', NULL, '30.59.84.10', '2025-05-06 23:01:17.889401', 2700);
INSERT INTO person.users (user_id, user_name, user_email, user_password, user_handphone, created_on, location_id) VALUES (185, 'anatr', 'trujillo@gmail.com', NULL, '(5) 555-4729', '2025-05-06 23:01:17.889401', 2700);
INSERT INTO person.users (user_id, user_name, user_email, user_password, user_handphone, created_on, location_id) VALUES (186, 'chops', 'wang@gmail.com', NULL, '0452-076545', '2025-05-06 23:01:17.889401', 2700);
INSERT INTO person.users (user_id, user_name, user_email, user_password, user_handphone, created_on, location_id) VALUES (187, 'lonep', 'wilson@gmail.com', NULL, '(503) 555-9573', '2025-05-06 23:01:17.889401', 2700);
INSERT INTO person.users (user_id, user_name, user_email, user_password, user_handphone, created_on, location_id) VALUES (188, 'thecr', 'wong@gmail.com', NULL, '(406) 555-5834', '2025-05-06 23:01:17.889401', 2700);
INSERT INTO person.users (user_id, user_name, user_email, user_password, user_handphone, created_on, location_id) VALUES (189, 'letss', 'yorres@gmail.com', NULL, '(415) 555-5938', '2025-05-06 23:01:17.889401', 2700);
INSERT INTO person.users (user_id, user_name, user_email, user_password, user_handphone, created_on, location_id) VALUES (190, 'rattc', 'wilsonrattc@gmail.com', NULL, '(505) 555-5939', '2025-05-06 23:01:17.889401', 2700);


INSERT INTO fintech.fintechs (fint_code, fint_name, fint_short_name, fint_type) VALUES ('002', 'Bank Rakyat Indonesia', 'BRI', 'BANK');
INSERT INTO fintech.fintechs (fint_code, fint_name, fint_short_name, fint_type) VALUES ('008', 'Bank Mandiri', 'MANDIRI', 'BANK');
INSERT INTO fintech.fintechs (fint_code, fint_name, fint_short_name, fint_type) VALUES ('009', 'Bank Negara Indonesia', 'BNI', 'BANK');
INSERT INTO fintech.fintechs (fint_code, fint_name, fint_short_name, fint_type) VALUES ('014', 'Bank Central Asia', 'BCA', 'BANK');
INSERT INTO fintech.fintechs (fint_code, fint_name, fint_short_name, fint_type) VALUES ('022', 'Bank CIMB Niaga', 'CIMB', 'BANK');
INSERT INTO fintech.fintechs (fint_code, fint_name, fint_short_name, fint_type) VALUES ('028', 'Bank OCBC NISP', 'OCBC', 'BANK');
INSERT INTO fintech.fintechs (fint_code, fint_name, fint_short_name, fint_type) VALUES ('426', 'Bank Mega', 'MEGA', 'BANK');
INSERT INTO fintech.fintechs (fint_code, fint_name, fint_short_name, fint_type) VALUES ('013', 'Bank Permata', 'PERMATA', 'BANK');
INSERT INTO fintech.fintechs (fint_code, fint_name, fint_short_name, fint_type) VALUES ('011', 'Bank Danamon', 'DANAMON', 'BANK');
INSERT INTO fintech.fintechs (fint_code, fint_name, fint_short_name, fint_type) VALUES ('016', 'Bank Maybank Indonesia', 'MAYBANK', 'BANK');
INSERT INTO fintech.fintechs (fint_code, fint_name, fint_short_name, fint_type) VALUES ('019', 'Bank Panin', 'PANIN', 'BANK');
INSERT INTO fintech.fintechs (fint_code, fint_name, fint_short_name, fint_type) VALUES ('023', 'Bank UOB Indonesia', 'UOB', 'BANK');
INSERT INTO fintech.fintechs (fint_code, fint_name, fint_short_name, fint_type) VALUES ('200', 'Bank Tabungan Negara', 'BTN', 'BANK');
INSERT INTO fintech.fintechs (fint_code, fint_name, fint_short_name, fint_type) VALUES ('045', 'Bank BTPN/Jago', 'BTPN/JAGO', 'BANK');
INSERT INTO fintech.fintechs (fint_code, fint_name, fint_short_name, fint_type) VALUES ('213', 'Bank BJB', 'BJB', 'BANK');
INSERT INTO fintech.fintechs (fint_code, fint_name, fint_short_name, fint_type) VALUES ('490', 'Bank Neo Commerce', 'NEO', 'BANK');
INSERT INTO fintech.fintechs (fint_code, fint_name, fint_short_name, fint_type) VALUES ('501', 'Bank Digital BCA (blu)', 'BCA DIGITAL', 'BANK');
INSERT INTO fintech.fintechs (fint_code, fint_name, fint_short_name, fint_type) VALUES ('503', 'Bank Jago', 'JAGO', 'BANK');
INSERT INTO fintech.fintechs (fint_code, fint_name, fint_short_name, fint_type) VALUES ('506', 'Bank Seabank', 'BANK', 'BANK');
INSERT INTO fintech.fintechs (fint_code, fint_name, fint_short_name, fint_type) VALUES ('890', 'Dana', 'DANA', 'E-Wallet');
INSERT INTO fintech.fintechs (fint_code, fint_name, fint_short_name, fint_type) VALUES ('991', 'OVO', 'OVO', 'E-Wallet');
INSERT INTO fintech.fintechs (fint_code, fint_name, fint_short_name, fint_type) VALUES ('992', 'LinkAja', 'LINKAJA', 'E-Wallet');
INSERT INTO fintech.fintechs (fint_code, fint_name, fint_short_name, fint_type) VALUES ('993', 'GoPay', 'GOPAY', 'E-Wallet');
INSERT INTO fintech.fintechs (fint_code, fint_name, fint_short_name, fint_type) VALUES ('994', 'ShopeePay', 'SHOPEEPAY', 'E-Wallet');
INSERT INTO fintech.fintechs (fint_code, fint_name, fint_short_name, fint_type) VALUES ('995', 'Flip', 'FLIP', 'P-GateAway');
INSERT INTO fintech.fintechs (fint_code, fint_name, fint_short_name, fint_type) VALUES ('998', 'Jenius (BTPN)	Digital Banking', 'JENIUS', 'E-Wallet');
INSERT INTO fintech.fintechs (fint_code, fint_name, fint_short_name, fint_type) VALUES ('999', 'PT. Alfamart', 'ALFAMART', 'E-Wallet');


INSERT INTO fintech.accounts (account_id, account_no, balance, currency, created_date, user_id, fin_code) VALUES (108, 'FIN-ALFA', 20000000.00, 'IDR', '2025-04-21 09:24:55.127575', 151, '999');
INSERT INTO fintech.accounts (account_id, account_no, balance, currency, created_date, user_id, fin_code) VALUES (109, 'FIN-BCA', 10000000.00, 'IDR', '2025-04-21 09:24:55.127575', 152, '014');
INSERT INTO fintech.accounts (account_id, account_no, balance, currency, created_date, user_id, fin_code) VALUES (110, 'FIN-GOPAY', 5000000.00, 'IDR', '2025-04-21 09:24:55.127575', 153, '993');
INSERT INTO fintech.accounts (account_id, account_no, balance, currency, created_date, user_id, fin_code) VALUES (111, 'FIN-SHOPEE', 3000000.00, 'IDR', '2025-04-21 09:24:55.127575', 154, '994');
INSERT INTO fintech.accounts (account_id, account_no, balance, currency, created_date, user_id, fin_code) VALUES (113, 'KANG-GOPAY', 100000.00, 'IDR', '2025-04-21 09:24:55.127575', 156, '993');
INSERT INTO fintech.accounts (account_id, account_no, balance, currency, created_date, user_id, fin_code) VALUES (115, 'WIDI-SHOPEE', 500.00, 'IDR', '2025-04-21 09:24:55.127575', 160, '994');
INSERT INTO fintech.accounts (account_id, account_no, balance, currency, created_date, user_id, fin_code) VALUES (114, 'WIDI-BCA', 2150000.00, 'IDR', '2025-04-21 09:24:55.127575', 161, '014');
INSERT INTO fintech.accounts (account_id, account_no, balance, currency, created_date, user_id, fin_code) VALUES (112, 'KANG-BCA', 4350000.00, 'IDR', '2025-04-21 09:24:55.127575', 162, '014');



INSERT INTO oe.products (product_id, product_name, supplier_id, category_id, quantity_per_unit, unit_price, units_in_stock, units_on_order, reorder_level, discontinued, created_date, modified_date) VALUES (1, 'Chai', 8, 1, '10 boxes x 30 bags', 18, 39, 0, 10, 1, '2025-05-07 01:33:55.556777', NULL);
INSERT INTO oe.products (product_id, product_name, supplier_id, category_id, quantity_per_unit, unit_price, units_in_stock, units_on_order, reorder_level, discontinued, created_date, modified_date) VALUES (2, 'Chang', 1, 1, '24 - 12 oz bottles', 19, 17, 40, 25, 1, '2025-05-07 01:33:55.556777', NULL);
INSERT INTO oe.products (product_id, product_name, supplier_id, category_id, quantity_per_unit, unit_price, units_in_stock, units_on_order, reorder_level, discontinued, created_date, modified_date) VALUES (3, 'Aniseed Syrup', 1, 2, '12 - 550 ml bottles', 10, 13, 70, 25, 0, '2025-05-07 01:33:55.556777', NULL);
INSERT INTO oe.products (product_id, product_name, supplier_id, category_id, quantity_per_unit, unit_price, units_in_stock, units_on_order, reorder_level, discontinued, created_date, modified_date) VALUES (4, 'Chef Anton''s Cajun Seasoning', 2, 2, '48 - 6 oz jars', 22, 53, 0, 0, 0, '2025-05-07 01:33:55.556777', NULL);
INSERT INTO oe.products (product_id, product_name, supplier_id, category_id, quantity_per_unit, unit_price, units_in_stock, units_on_order, reorder_level, discontinued, created_date, modified_date) VALUES (5, 'Chef Anton''s Gumbo Mix', 2, 2, '36 boxes', 21.35, 0, 0, 0, 1, '2025-05-07 01:33:55.556777', NULL);
INSERT INTO oe.products (product_id, product_name, supplier_id, category_id, quantity_per_unit, unit_price, units_in_stock, units_on_order, reorder_level, discontinued, created_date, modified_date) VALUES (6, 'Grandma''s Boysenberry Spread', 3, 2, '12 - 8 oz jars', 25, 120, 0, 25, 0, '2025-05-07 01:33:55.556777', NULL);
INSERT INTO oe.products (product_id, product_name, supplier_id, category_id, quantity_per_unit, unit_price, units_in_stock, units_on_order, reorder_level, discontinued, created_date, modified_date) VALUES (7, 'Uncle Bob''s Organic Dried Pears', 3, 7, '12 - 1 lb pkgs.', 30, 15, 0, 10, 0, '2025-05-07 01:33:55.556777', NULL);
INSERT INTO oe.products (product_id, product_name, supplier_id, category_id, quantity_per_unit, unit_price, units_in_stock, units_on_order, reorder_level, discontinued, created_date, modified_date) VALUES (8, 'Northwoods Cranberry Sauce', 3, 2, '12 - 12 oz jars', 40, 6, 0, 0, 0, '2025-05-07 01:33:55.556777', NULL);
INSERT INTO oe.products (product_id, product_name, supplier_id, category_id, quantity_per_unit, unit_price, units_in_stock, units_on_order, reorder_level, discontinued, created_date, modified_date) VALUES (9, 'Mishi Kobe Niku', 4, 6, '18 - 500 g pkgs.', 97, 29, 0, 0, 1, '2025-05-07 01:33:55.556777', NULL);
INSERT INTO oe.products (product_id, product_name, supplier_id, category_id, quantity_per_unit, unit_price, units_in_stock, units_on_order, reorder_level, discontinued, created_date, modified_date) VALUES (10, 'Ikura', 4, 8, '12 - 200 ml jars', 31, 31, 0, 0, 0, '2025-05-07 01:33:55.556777', NULL);
INSERT INTO oe.products (product_id, product_name, supplier_id, category_id, quantity_per_unit, unit_price, units_in_stock, units_on_order, reorder_level, discontinued, created_date, modified_date) VALUES (11, 'Queso Cabrales', 5, 4, '1 kg pkg.', 21, 22, 30, 30, 0, '2025-05-07 01:33:55.556777', NULL);
INSERT INTO oe.products (product_id, product_name, supplier_id, category_id, quantity_per_unit, unit_price, units_in_stock, units_on_order, reorder_level, discontinued, created_date, modified_date) VALUES (12, 'Queso Manchego La Pastora', 5, 4, '10 - 500 g pkgs.', 38, 86, 0, 0, 0, '2025-05-07 01:33:55.556777', NULL);
INSERT INTO oe.products (product_id, product_name, supplier_id, category_id, quantity_per_unit, unit_price, units_in_stock, units_on_order, reorder_level, discontinued, created_date, modified_date) VALUES (13, 'Konbu', 6, 8, '2 kg box', 6, 24, 0, 5, 0, '2025-05-07 01:33:55.556777', NULL);
INSERT INTO oe.products (product_id, product_name, supplier_id, category_id, quantity_per_unit, unit_price, units_in_stock, units_on_order, reorder_level, discontinued, created_date, modified_date) VALUES (14, 'Tofu', 6, 7, '40 - 100 g pkgs.', 23.25, 35, 0, 0, 0, '2025-05-07 01:33:55.556777', NULL);
INSERT INTO oe.products (product_id, product_name, supplier_id, category_id, quantity_per_unit, unit_price, units_in_stock, units_on_order, reorder_level, discontinued, created_date, modified_date) VALUES (15, 'Genen Shouyu', 6, 2, '24 - 250 ml bottles', 13, 39, 0, 5, 0, '2025-05-07 01:33:55.556777', NULL);
INSERT INTO oe.products (product_id, product_name, supplier_id, category_id, quantity_per_unit, unit_price, units_in_stock, units_on_order, reorder_level, discontinued, created_date, modified_date) VALUES (16, 'Pavlova', 7, 3, '32 - 500 g boxes', 17.45, 29, 0, 10, 0, '2025-05-07 01:33:55.556777', NULL);
INSERT INTO oe.products (product_id, product_name, supplier_id, category_id, quantity_per_unit, unit_price, units_in_stock, units_on_order, reorder_level, discontinued, created_date, modified_date) VALUES (17, 'Alice Mutton', 7, 6, '20 - 1 kg tins', 39, 0, 0, 0, 1, '2025-05-07 01:33:55.556777', NULL);
INSERT INTO oe.products (product_id, product_name, supplier_id, category_id, quantity_per_unit, unit_price, units_in_stock, units_on_order, reorder_level, discontinued, created_date, modified_date) VALUES (18, 'Carnarvon Tigers', 7, 8, '16 kg pkg.', 62.5, 42, 0, 0, 0, '2025-05-07 01:33:55.556777', NULL);
INSERT INTO oe.products (product_id, product_name, supplier_id, category_id, quantity_per_unit, unit_price, units_in_stock, units_on_order, reorder_level, discontinued, created_date, modified_date) VALUES (19, 'Teatime Chocolate Biscuits', 8, 3, '10 boxes x 12 pieces', 9.2, 25, 0, 5, 0, '2025-05-07 01:33:55.556777', NULL);
INSERT INTO oe.products (product_id, product_name, supplier_id, category_id, quantity_per_unit, unit_price, units_in_stock, units_on_order, reorder_level, discontinued, created_date, modified_date) VALUES (20, 'Sir Rodney''s Marmalade', 8, 3, '30 gift boxes', 81, 40, 0, 0, 0, '2025-05-07 01:33:55.556777', NULL);
INSERT INTO oe.products (product_id, product_name, supplier_id, category_id, quantity_per_unit, unit_price, units_in_stock, units_on_order, reorder_level, discontinued, created_date, modified_date) VALUES (21, 'Sir Rodney''s Scones', 8, 3, '24 pkgs. x 4 pieces', 10, 3, 40, 5, 0, '2025-05-07 01:33:55.556777', NULL);
INSERT INTO oe.products (product_id, product_name, supplier_id, category_id, quantity_per_unit, unit_price, units_in_stock, units_on_order, reorder_level, discontinued, created_date, modified_date) VALUES (22, 'Gustaf''s Knäckebröd', 9, 5, '24 - 500 g pkgs.', 21, 104, 0, 25, 0, '2025-05-07 01:33:55.556777', NULL);
INSERT INTO oe.products (product_id, product_name, supplier_id, category_id, quantity_per_unit, unit_price, units_in_stock, units_on_order, reorder_level, discontinued, created_date, modified_date) VALUES (23, 'Tunnbröd', 9, 5, '12 - 250 g pkgs.', 9, 61, 0, 25, 0, '2025-05-07 01:33:55.556777', NULL);
INSERT INTO oe.products (product_id, product_name, supplier_id, category_id, quantity_per_unit, unit_price, units_in_stock, units_on_order, reorder_level, discontinued, created_date, modified_date) VALUES (24, 'Guaraná Fantástica', 10, 1, '12 - 355 ml cans', 4.5, 20, 0, 0, 1, '2025-05-07 01:33:55.556777', NULL);
INSERT INTO oe.products (product_id, product_name, supplier_id, category_id, quantity_per_unit, unit_price, units_in_stock, units_on_order, reorder_level, discontinued, created_date, modified_date) VALUES (25, 'NuNuCa Nuß-Nougat-Creme', 11, 3, '20 - 450 g glasses', 14, 76, 0, 30, 0, '2025-05-07 01:33:55.556777', NULL);
INSERT INTO oe.products (product_id, product_name, supplier_id, category_id, quantity_per_unit, unit_price, units_in_stock, units_on_order, reorder_level, discontinued, created_date, modified_date) VALUES (26, 'Gumbär Gummibärchen', 11, 3, '100 - 250 g bags', 31.23, 15, 0, 0, 0, '2025-05-07 01:33:55.556777', NULL);
INSERT INTO oe.products (product_id, product_name, supplier_id, category_id, quantity_per_unit, unit_price, units_in_stock, units_on_order, reorder_level, discontinued, created_date, modified_date) VALUES (27, 'Schoggi Schokolade', 11, 3, '100 - 100 g pieces', 43.9, 49, 0, 30, 0, '2025-05-07 01:33:55.556777', NULL);
INSERT INTO oe.products (product_id, product_name, supplier_id, category_id, quantity_per_unit, unit_price, units_in_stock, units_on_order, reorder_level, discontinued, created_date, modified_date) VALUES (28, 'Rössle Sauerkraut', 12, 7, '25 - 825 g cans', 45.6, 26, 0, 0, 1, '2025-05-07 01:33:55.556777', NULL);
INSERT INTO oe.products (product_id, product_name, supplier_id, category_id, quantity_per_unit, unit_price, units_in_stock, units_on_order, reorder_level, discontinued, created_date, modified_date) VALUES (29, 'Thüringer Rostbratwurst', 12, 6, '50 bags x 30 sausgs.', 123.79, 0, 0, 0, 1, '2025-05-07 01:33:55.556777', NULL);
INSERT INTO oe.products (product_id, product_name, supplier_id, category_id, quantity_per_unit, unit_price, units_in_stock, units_on_order, reorder_level, discontinued, created_date, modified_date) VALUES (30, 'Nord-Ost Matjeshering', 13, 8, '10 - 200 g glasses', 25.89, 10, 0, 15, 0, '2025-05-07 01:33:55.556777', NULL);
INSERT INTO oe.products (product_id, product_name, supplier_id, category_id, quantity_per_unit, unit_price, units_in_stock, units_on_order, reorder_level, discontinued, created_date, modified_date) VALUES (31, 'Gorgonzola Telino', 14, 4, '12 - 100 g pkgs', 12.5, 0, 70, 20, 0, '2025-05-07 01:33:55.556777', NULL);
INSERT INTO oe.products (product_id, product_name, supplier_id, category_id, quantity_per_unit, unit_price, units_in_stock, units_on_order, reorder_level, discontinued, created_date, modified_date) VALUES (32, 'Mascarpone Fabioli', 14, 4, '24 - 200 g pkgs.', 32, 9, 40, 25, 0, '2025-05-07 01:33:55.556777', NULL);
INSERT INTO oe.products (product_id, product_name, supplier_id, category_id, quantity_per_unit, unit_price, units_in_stock, units_on_order, reorder_level, discontinued, created_date, modified_date) VALUES (33, 'Geitost', 15, 4, '500 g', 2.5, 112, 0, 20, 0, '2025-05-07 01:33:55.556777', NULL);
INSERT INTO oe.products (product_id, product_name, supplier_id, category_id, quantity_per_unit, unit_price, units_in_stock, units_on_order, reorder_level, discontinued, created_date, modified_date) VALUES (34, 'Sasquatch Ale', 16, 1, '24 - 12 oz bottles', 14, 111, 0, 15, 0, '2025-05-07 01:33:55.556777', NULL);
INSERT INTO oe.products (product_id, product_name, supplier_id, category_id, quantity_per_unit, unit_price, units_in_stock, units_on_order, reorder_level, discontinued, created_date, modified_date) VALUES (35, 'Steeleye Stout', 16, 1, '24 - 12 oz bottles', 18, 20, 0, 15, 0, '2025-05-07 01:33:55.556777', NULL);
INSERT INTO oe.products (product_id, product_name, supplier_id, category_id, quantity_per_unit, unit_price, units_in_stock, units_on_order, reorder_level, discontinued, created_date, modified_date) VALUES (36, 'Inlagd Sill', 17, 8, '24 - 250 g  jars', 19, 112, 0, 20, 0, '2025-05-07 01:33:55.556777', NULL);
INSERT INTO oe.products (product_id, product_name, supplier_id, category_id, quantity_per_unit, unit_price, units_in_stock, units_on_order, reorder_level, discontinued, created_date, modified_date) VALUES (37, 'Gravad lax', 17, 8, '12 - 500 g pkgs.', 26, 11, 50, 25, 0, '2025-05-07 01:33:55.556777', NULL);
INSERT INTO oe.products (product_id, product_name, supplier_id, category_id, quantity_per_unit, unit_price, units_in_stock, units_on_order, reorder_level, discontinued, created_date, modified_date) VALUES (38, 'Côte de Blaye', 18, 1, '12 - 75 cl bottles', 263.5, 17, 0, 15, 0, '2025-05-07 01:33:55.556777', NULL);
INSERT INTO oe.products (product_id, product_name, supplier_id, category_id, quantity_per_unit, unit_price, units_in_stock, units_on_order, reorder_level, discontinued, created_date, modified_date) VALUES (39, 'Chartreuse verte', 18, 1, '750 cc per bottle', 18, 69, 0, 5, 0, '2025-05-07 01:33:55.556777', NULL);
INSERT INTO oe.products (product_id, product_name, supplier_id, category_id, quantity_per_unit, unit_price, units_in_stock, units_on_order, reorder_level, discontinued, created_date, modified_date) VALUES (40, 'Boston Crab Meat', 19, 8, '24 - 4 oz tins', 18.4, 123, 0, 30, 0, '2025-05-07 01:33:55.556777', NULL);
INSERT INTO oe.products (product_id, product_name, supplier_id, category_id, quantity_per_unit, unit_price, units_in_stock, units_on_order, reorder_level, discontinued, created_date, modified_date) VALUES (41, 'Jack''s New England Clam Chowder', 19, 8, '12 - 12 oz cans', 9.65, 85, 0, 10, 0, '2025-05-07 01:33:55.556777', NULL);
INSERT INTO oe.products (product_id, product_name, supplier_id, category_id, quantity_per_unit, unit_price, units_in_stock, units_on_order, reorder_level, discontinued, created_date, modified_date) VALUES (42, 'Singaporean Hokkien Fried Mee', 20, 5, '32 - 1 kg pkgs.', 14, 26, 0, 0, 1, '2025-05-07 01:33:55.556777', NULL);
INSERT INTO oe.products (product_id, product_name, supplier_id, category_id, quantity_per_unit, unit_price, units_in_stock, units_on_order, reorder_level, discontinued, created_date, modified_date) VALUES (43, 'Ipoh Coffee', 20, 1, '16 - 500 g tins', 46, 17, 10, 25, 0, '2025-05-07 01:33:55.556777', NULL);
INSERT INTO oe.products (product_id, product_name, supplier_id, category_id, quantity_per_unit, unit_price, units_in_stock, units_on_order, reorder_level, discontinued, created_date, modified_date) VALUES (44, 'Gula Malacca', 20, 2, '20 - 2 kg bags', 19.45, 27, 0, 15, 0, '2025-05-07 01:33:55.556777', NULL);
INSERT INTO oe.products (product_id, product_name, supplier_id, category_id, quantity_per_unit, unit_price, units_in_stock, units_on_order, reorder_level, discontinued, created_date, modified_date) VALUES (45, 'Rogede sild', 21, 8, '1k pkg.', 9.5, 5, 70, 15, 0, '2025-05-07 01:33:55.556777', NULL);
INSERT INTO oe.products (product_id, product_name, supplier_id, category_id, quantity_per_unit, unit_price, units_in_stock, units_on_order, reorder_level, discontinued, created_date, modified_date) VALUES (46, 'Spegesild', 21, 8, '4 - 450 g glasses', 12, 95, 0, 0, 0, '2025-05-07 01:33:55.556777', NULL);
INSERT INTO oe.products (product_id, product_name, supplier_id, category_id, quantity_per_unit, unit_price, units_in_stock, units_on_order, reorder_level, discontinued, created_date, modified_date) VALUES (47, 'Zaanse koeken', 22, 3, '10 - 4 oz boxes', 9.5, 36, 0, 0, 0, '2025-05-07 01:33:55.556777', NULL);
INSERT INTO oe.products (product_id, product_name, supplier_id, category_id, quantity_per_unit, unit_price, units_in_stock, units_on_order, reorder_level, discontinued, created_date, modified_date) VALUES (48, 'Chocolade', 22, 3, '10 pkgs.', 12.75, 15, 70, 25, 0, '2025-05-07 01:33:55.556777', NULL);
INSERT INTO oe.products (product_id, product_name, supplier_id, category_id, quantity_per_unit, unit_price, units_in_stock, units_on_order, reorder_level, discontinued, created_date, modified_date) VALUES (49, 'Maxilaku', 23, 3, '24 - 50 g pkgs.', 20, 10, 60, 15, 0, '2025-05-07 01:33:55.556777', NULL);
INSERT INTO oe.products (product_id, product_name, supplier_id, category_id, quantity_per_unit, unit_price, units_in_stock, units_on_order, reorder_level, discontinued, created_date, modified_date) VALUES (50, 'Valkoinen suklaa', 23, 3, '12 - 100 g bars', 16.25, 65, 0, 30, 0, '2025-05-07 01:33:55.556777', NULL);
INSERT INTO oe.products (product_id, product_name, supplier_id, category_id, quantity_per_unit, unit_price, units_in_stock, units_on_order, reorder_level, discontinued, created_date, modified_date) VALUES (51, 'Manjimup Dried Apples', 24, 7, '50 - 300 g pkgs.', 53, 20, 0, 10, 0, '2025-05-07 01:33:55.556777', NULL);
INSERT INTO oe.products (product_id, product_name, supplier_id, category_id, quantity_per_unit, unit_price, units_in_stock, units_on_order, reorder_level, discontinued, created_date, modified_date) VALUES (52, 'Filo Mix', 24, 5, '16 - 2 kg boxes', 7, 38, 0, 25, 0, '2025-05-07 01:33:55.556777', NULL);
INSERT INTO oe.products (product_id, product_name, supplier_id, category_id, quantity_per_unit, unit_price, units_in_stock, units_on_order, reorder_level, discontinued, created_date, modified_date) VALUES (53, 'Perth Pasties', 24, 6, '48 pieces', 32.8, 0, 0, 0, 1, '2025-05-07 01:33:55.556777', NULL);
INSERT INTO oe.products (product_id, product_name, supplier_id, category_id, quantity_per_unit, unit_price, units_in_stock, units_on_order, reorder_level, discontinued, created_date, modified_date) VALUES (54, 'Tourtière', 25, 6, '16 pies', 7.45, 21, 0, 10, 0, '2025-05-07 01:33:55.556777', NULL);
INSERT INTO oe.products (product_id, product_name, supplier_id, category_id, quantity_per_unit, unit_price, units_in_stock, units_on_order, reorder_level, discontinued, created_date, modified_date) VALUES (55, 'Pâté chinois', 25, 6, '24 boxes x 2 pies', 24, 115, 0, 20, 0, '2025-05-07 01:33:55.556777', NULL);
INSERT INTO oe.products (product_id, product_name, supplier_id, category_id, quantity_per_unit, unit_price, units_in_stock, units_on_order, reorder_level, discontinued, created_date, modified_date) VALUES (56, 'Gnocchi di nonna Alice', 26, 5, '24 - 250 g pkgs.', 38, 21, 10, 30, 0, '2025-05-07 01:33:55.556777', NULL);
INSERT INTO oe.products (product_id, product_name, supplier_id, category_id, quantity_per_unit, unit_price, units_in_stock, units_on_order, reorder_level, discontinued, created_date, modified_date) VALUES (57, 'Ravioli Angelo', 26, 5, '24 - 250 g pkgs.', 19.5, 36, 0, 20, 0, '2025-05-07 01:33:55.556777', NULL);
INSERT INTO oe.products (product_id, product_name, supplier_id, category_id, quantity_per_unit, unit_price, units_in_stock, units_on_order, reorder_level, discontinued, created_date, modified_date) VALUES (58, 'Escargots de Bourgogne', 27, 8, '24 pieces', 13.25, 62, 0, 20, 0, '2025-05-07 01:33:55.556777', NULL);
INSERT INTO oe.products (product_id, product_name, supplier_id, category_id, quantity_per_unit, unit_price, units_in_stock, units_on_order, reorder_level, discontinued, created_date, modified_date) VALUES (59, 'Raclette Courdavault', 28, 4, '5 kg pkg.', 55, 79, 0, 0, 0, '2025-05-07 01:33:55.556777', NULL);
INSERT INTO oe.products (product_id, product_name, supplier_id, category_id, quantity_per_unit, unit_price, units_in_stock, units_on_order, reorder_level, discontinued, created_date, modified_date) VALUES (60, 'Camembert Pierrot', 28, 4, '15 - 300 g rounds', 34, 19, 0, 0, 0, '2025-05-07 01:33:55.556777', NULL);
INSERT INTO oe.products (product_id, product_name, supplier_id, category_id, quantity_per_unit, unit_price, units_in_stock, units_on_order, reorder_level, discontinued, created_date, modified_date) VALUES (61, 'Sirop d''érable', 29, 2, '24 - 500 ml bottles', 28.5, 113, 0, 25, 0, '2025-05-07 01:33:55.556777', NULL);
INSERT INTO oe.products (product_id, product_name, supplier_id, category_id, quantity_per_unit, unit_price, units_in_stock, units_on_order, reorder_level, discontinued, created_date, modified_date) VALUES (62, 'Tarte au sucre', 29, 3, '48 pies', 49.3, 17, 0, 0, 0, '2025-05-07 01:33:55.556777', NULL);
INSERT INTO oe.products (product_id, product_name, supplier_id, category_id, quantity_per_unit, unit_price, units_in_stock, units_on_order, reorder_level, discontinued, created_date, modified_date) VALUES (63, 'Vegie-spread', 7, 2, '15 - 625 g jars', 43.9, 24, 0, 5, 0, '2025-05-07 01:33:55.556777', NULL);
INSERT INTO oe.products (product_id, product_name, supplier_id, category_id, quantity_per_unit, unit_price, units_in_stock, units_on_order, reorder_level, discontinued, created_date, modified_date) VALUES (64, 'Wimmers gute Semmelknödel', 12, 5, '20 bags x 4 pieces', 33.25, 22, 80, 30, 0, '2025-05-07 01:33:55.556777', NULL);
INSERT INTO oe.products (product_id, product_name, supplier_id, category_id, quantity_per_unit, unit_price, units_in_stock, units_on_order, reorder_level, discontinued, created_date, modified_date) VALUES (65, 'Louisiana Fiery Hot Pepper Sauce', 2, 2, '32 - 8 oz bottles', 21.05, 76, 0, 0, 0, '2025-05-07 01:33:55.556777', NULL);
INSERT INTO oe.products (product_id, product_name, supplier_id, category_id, quantity_per_unit, unit_price, units_in_stock, units_on_order, reorder_level, discontinued, created_date, modified_date) VALUES (66, 'Louisiana Hot Spiced Okra', 2, 2, '24 - 8 oz jars', 17, 4, 100, 20, 0, '2025-05-07 01:33:55.556777', NULL);
INSERT INTO oe.products (product_id, product_name, supplier_id, category_id, quantity_per_unit, unit_price, units_in_stock, units_on_order, reorder_level, discontinued, created_date, modified_date) VALUES (67, 'Laughing Lumberjack Lager', 16, 1, '24 - 12 oz bottles', 14, 52, 0, 10, 0, '2025-05-07 01:33:55.556777', NULL);
INSERT INTO oe.products (product_id, product_name, supplier_id, category_id, quantity_per_unit, unit_price, units_in_stock, units_on_order, reorder_level, discontinued, created_date, modified_date) VALUES (68, 'Scottish Longbreads', 8, 3, '10 boxes x 8 pieces', 12.5, 6, 10, 15, 0, '2025-05-07 01:33:55.556777', NULL);
INSERT INTO oe.products (product_id, product_name, supplier_id, category_id, quantity_per_unit, unit_price, units_in_stock, units_on_order, reorder_level, discontinued, created_date, modified_date) VALUES (69, 'Gudbrandsdalsost', 15, 4, '10 kg pkg.', 36, 26, 0, 15, 0, '2025-05-07 01:33:55.556777', NULL);
INSERT INTO oe.products (product_id, product_name, supplier_id, category_id, quantity_per_unit, unit_price, units_in_stock, units_on_order, reorder_level, discontinued, created_date, modified_date) VALUES (70, 'Outback Lager', 7, 1, '24 - 355 ml bottles', 15, 15, 10, 30, 0, '2025-05-07 01:33:55.556777', NULL);
INSERT INTO oe.products (product_id, product_name, supplier_id, category_id, quantity_per_unit, unit_price, units_in_stock, units_on_order, reorder_level, discontinued, created_date, modified_date) VALUES (71, 'Flotemysost', 15, 4, '10 - 500 g pkgs.', 21.5, 26, 0, 0, 0, '2025-05-07 01:33:55.556777', NULL);
INSERT INTO oe.products (product_id, product_name, supplier_id, category_id, quantity_per_unit, unit_price, units_in_stock, units_on_order, reorder_level, discontinued, created_date, modified_date) VALUES (72, 'Mozzarella di Giovanni', 14, 4, '24 - 200 g pkgs.', 34.8, 14, 0, 0, 0, '2025-05-07 01:33:55.556777', NULL);
INSERT INTO oe.products (product_id, product_name, supplier_id, category_id, quantity_per_unit, unit_price, units_in_stock, units_on_order, reorder_level, discontinued, created_date, modified_date) VALUES (73, 'Röd Kaviar', 17, 8, '24 - 150 g jars', 15, 101, 0, 5, 0, '2025-05-07 01:33:55.556777', NULL);
INSERT INTO oe.products (product_id, product_name, supplier_id, category_id, quantity_per_unit, unit_price, units_in_stock, units_on_order, reorder_level, discontinued, created_date, modified_date) VALUES (74, 'Longlife Tofu', 4, 7, '5 kg pkg.', 10, 4, 20, 5, 0, '2025-05-07 01:33:55.556777', NULL);
INSERT INTO oe.products (product_id, product_name, supplier_id, category_id, quantity_per_unit, unit_price, units_in_stock, units_on_order, reorder_level, discontinued, created_date, modified_date) VALUES (75, 'Rhönbräu Klosterbier', 12, 1, '24 - 0.5 l bottles', 7.75, 125, 0, 25, 0, '2025-05-07 01:33:55.556777', NULL);
INSERT INTO oe.products (product_id, product_name, supplier_id, category_id, quantity_per_unit, unit_price, units_in_stock, units_on_order, reorder_level, discontinued, created_date, modified_date) VALUES (76, 'Lakkalikööri', 23, 1, '500 ml', 18, 57, 0, 20, 0, '2025-05-07 01:33:55.556777', NULL);
INSERT INTO oe.products (product_id, product_name, supplier_id, category_id, quantity_per_unit, unit_price, units_in_stock, units_on_order, reorder_level, discontinued, created_date, modified_date) VALUES (77, 'Original Frankfurter grüne Soße', 12, 2, '12 boxes', 13, 32, 0, 15, 0, '2025-05-07 01:33:55.556777', NULL);
